Date,inflation
45289,1
45288,1
45287,1
45286,1
45282,1
45281,1
45280,1
45279,1
45278,1
45275,1
45274,1
45273,1
45272,1
45271,1
45268,1
45267,1
45266,1
45265,1
45264,1
45261,1
45260,1
45259,1
45258,1
45257,1
45254,1
45252,1
45251,1
45250,1
45247,1
45246,1
45245,1
45244,1
45243,1
45240,1
45239,1
45238,1
45237,1
45236,1
45233,1
45232,1
45231,1
45230,1
45229,1
45226,1
45225,1
45224,1
45223,1
45222,1
45219,1
45218,1
45217,1
45216,1
45215,1
45212,1
45211,1
45210,1
45209,1
45205,1
45204,1
45203,1
45202,1
45201,1
45198,1
45197,1
45196,1
45195,1
45194,1
45191,1
45190,1
45189,1
45188,1
45187,1
45184,1
45183,1
45182,1
45181,1
45180,1
45177,1
45176,1
45175,1
45174,1
45170,1
45169,1
45168,1
45167,1
45166,1
45163,1
45162,1
45161,1
45160,1
45159,1
45156,1
45155,1
45154,1
45153,1
45152,1
45149,1
45148,1
45147,1
45146,1
45145,1
45142,1
45141,1
45140,1
45139,1
45138,1
45135,1
45134,1
45133,1
45132,1
45131,1
45128,1
45127,1
45126,1
45125,1
45124,1
45121,1
45120,1
45119,1
45118,1
45117,1
45114,1
45113,1
45112,1
45110,1
45107,1
45106,1
45105,1
45104,1
45103,1
45100,1
45099,1
45098,1
45097,1
45093,1
45092,1
45091,1
45090,1
45089,1
45086,1
45085,1
45084,1
45083,1
45082,1
45079,1
45078,1
45077,1
45076,1
45072,1
45071,1
45070,1
45069,1
45068,1
45065,1
45064,1
45063,1
45062,1
45061,1
45058,1
45057,1
45056,1
45055,1
45054,1
45051,1
45050,1
45049,1
45048,1
45047,1
45044,1
45043,1
45042,1
45041,1
45040,1
45037,1
45036,1
45035,1
45034,1
45033,1
45030,1
45029,1
45028,1
45027,1
45026,1
45023,1
45022,1
45021,1
45020,1
45019,1
45016,1
45015,1
45014,1
45013,1
45012,1
45009,1
45008,1
45007,1
45006,1
45005,1
45002,1
45001,1
45000,1
44999,1
44998,1
44995,1
44994,1
44993,1
44992,1
44991,1
44988,1
44987,1
44986,1
44985,1
44984,1
44981,1
44980,1
44979,1
44978,1
44974,1
44973,1
44972,1
44971,1
44970,1
44967,1
44966,1
44965,1
44964,1
44963,1
44960,1
44959,1
44958,1
44957,1
44956,1
44953,1
44952,1
44951,1
44950,1
44949,1
44946,1
44945,1
44944,1
44943,1
44939,1
44938,1
44937,1
44936,1
44935,1
44932,1
44931,1
44930,1
44929,1
44925,1
44924,1
44923,1
44922,1
44918,1
44917,1
44916,1
44915,1
44914,1
44911,1
44910,1
44909,1
44908,1
44907,1
44904,1
44903,1
44902,1
44901,1
44900,1
44897,1
44896,1
44895,1
44894,1
44893,1
44890,1
44888,1
44887,1
44886,1
44883,1
44882,1
44881,1
44880,1
44879,1
44875,1
44874,1
44873,1
44872,1
44869,1
44868,1
44867,1
44866,1
44865,1
44862,1
44861,1
44860,1
44859,1
44858,1
44855,1
44854,1
44853,1
44852,1
44851,1
44848,1
44847,1
44846,1
44845,1
44841,1
44840,1
44839,1
44838,1
44837,1
44834,1
44833,1
44832,1
44831,1
44830,1
44827,1
44826,1
44825,1
44824,1
44823,1
44820,1
44819,1
44818,1
44817,1
44816,1
44813,1
44812,1
44811,1
44810,1
44806,1
44805,1
44804,1
44803,1
44802,1
44799,1
44798,1
44797,1
44796,1
44795,1
44792,1
44791,1
44790,1
44789,1
44788,1
44785,1
44784,1
44783,1
44782,1
44781,1
44778,1
44777,1
44776,1
44775,1
44774,1
44771,1
44770,1
44769,1
44768,1
44767,1
44764,1
44763,1
44762,1
44761,1
44760,1
44757,1
44756,1
44755,1
44754,1
44753,1
44750,1
44749,1
44748,1
44747,1
44743,1
44742,1
44741,1
44740,1
44739,1
44736,1
44735,1
44734,1
44733,1
44729,1
44728,1
44727,1
44726,1
44725,1
44722,1
44721,1
44720,1
44719,1
44718,1
44715,1
44714,1
44713,1
44712,1
44708,1
44707,1
44706,1
44705,1
44704,1
44701,1
44700,1
44699,1
44698,1
44697,1
44694,1
44693,1
44692,1
44691,1
44690,1
44687,1
44686,1
44685,1
44684,1
44683,1
44680,1
44679,1
44678,1
44677,1
44676,1
44673,1
44672,1
44671,1
44670,1
44669,1
44665,1
44664,1
44663,1
44662,1
44659,1
44658,1
44657,1
44656,1
44655,1
44652,1
44651,1
44650,1
44649,1
44648,1
44645,1
44644,1
44643,1
44642,1
44641,1
44638,1
44637,1
44636,1
44635,1
44634,1
44631,1
44630,1
44629,1
44628,1
44627,1
44624,1
44623,1
44622,1
44621,1
44620,1
44617,1
44616,1
44615,1
44614,1
44610,1
44609,1
44608,1
44607,1
44606,1
44603,1
44602,1
44601,1
44600,1
44599,1
44596,1
44595,1
44594,1
44593,1
44592,1
44589,1
44588,1
44587,1
44586,1
44585,1
44582,1
44581,1
44580,1
44579,1
44575,1
44574,1
44573,1
44572,1
44571,1
44568,1
44567,1
44566,1
44565,1
44564,1
44561,1
44560,1
44559,1
44558,1
44557,1
44553,1
44552,1
44551,1
44550,1
44547,1
44546,1
44545,1
44544,1
44543,1
44540,1
44539,1
44538,1
44537,1
44536,1
44533,1
44532,1
44531,1
44530,1
44529,1
44526,1
44524,1
44523,1
44522,1
44519,1
44518,1
44517,1
44516,1
44515,1
44512,1
44510,1
44509,1
44508,1
44505,1
44504,1
44503,1
44502,1
44501,1
44498,1
44497,1
44496,1
44495,1
44494,1
44491,1
44490,1
44489,1
44488,1
44487,1
44484,1
44483,1
44482,1
44481,1
44477,1
44476,1
44475,1
44474,1
44473,1
44470,1
44469,1
44468,1
44467,1
44466,1
44463,1
44462,1
44461,1
44460,1
44459,1
44456,1
44455,1
44454,1
44453,1
44452,1
44449,1
44448,1
44447,1
44446,1
44442,1
44441,1
44440,1
44439,1
44438,1
44435,1
44434,1
44433,1
44432,1
44431,1
44428,1
44427,1
44426,1
44425,1
44424,1
44421,1
44420,1
44419,1
44418,1
44417,1
44414,1
44413,1
44412,1
44411,1
44410,1
44407,1
44406,1
44405,1
44404,1
44403,1
44400,1
44399,1
44398,1
44397,1
44396,1
44393,1
44392,1
44391,1
44390,1
44389,1
44386,1
44385,1
44384,1
44383,1
44379,1
44378,1
44377,1
44376,1
44375,1
44372,1
44371,1
44370,1
44369,1
44368,1
44365,1
44364,1
44363,1
44362,1
44361,1
44358,1
44357,1
44356,1
44355,1
44354,1
44351,1
44350,1
44349,1
44348,1
44344,1
44343,1
44342,1
44341,1
44340,1
44337,1
44336,1
44335,1
44334,1
44333,1
44330,1
44329,1
44328,1
44327,1
44326,1
44323,1
44322,1
44321,1
44320,1
44319,1
44316,1
44315,1
44314,1
44313,1
44312,1
44309,1
44308,1
44307,1
44306,1
44305,1
44302,1
44301,1
44300,1
44299,1
44298,1
44295,1
44294,1
44293,1
44292,1
44291,1
44288,1
44287,1
44286,1
44285,1
44284,1
44281,1
44280,1
44279,1
44278,1
44277,1
44274,1
44273,1
44272,1
44271,1
44270,1
44267,1
44266,1
44265,1
44264,1
44263,1
44260,1
44259,1
44258,1
44257,1
44256,1
44253,1
44252,1
44251,1
44250,1
44249,1
44246,1
44245,1
44244,1
44243,1
44239,1
44238,1
44237,1
44236,1
44235,1
44232,1
44231,1
44230,1
44229,1
44228,1
44225,1
44224,1
44223,1
44222,1
44221,1
44218,1
44217,1
44216,1
44215,1
44211,1
44210,1
44209,1
44208,1
44207,1
44204,1
44203,1
44202,1
44201,1
44200,1
44196,1
44195,1
44194,1
44193,1
44189,1
44188,1
44187,1
44186,1
44183,1
44182,1
44181,1
44180,1
44179,1
44176,1
44175,1
44174,1
44173,1
44172,1
44169,1
44168,1
44167,1
44166,1
44165,1
44162,1
44160,1
44159,1
44158,1
44155,1
44154,1
44153,1
44152,1
44151,1
44148,1
44147,1
44145,1
44144,1
44141,1
44140,1
44139,1
44138,1
44137,1
44134,1
44133,1
44132,1
44131,1
44130,1
44127,1
44126,1
44125,1
44124,1
44123,1
44120,1
44119,1
44118,1
44117,1
44113,1
44112,1
44111,1
44110,1
44109,1
44106,1
44105,1
44104,1
44103,1
44102,1
44099,1
44098,1
44097,1
44096,1
44095,1
44092,1
44091,1
44090,1
44089,1
44088,1
44085,1
44084,1
44083,1
44082,1
44078,1
44077,1
44076,1
44075,1
44074,1
44071,1
44070,1
44069,1
44068,1
44067,1
44064,1
44063,1
44062,1
44061,1
44060,1
44057,1
44056,1
44055,1
44054,1
44053,1
44050,1
44049,1
44048,1
44047,1
44046,1
44043,1
44042,1
44041,1
44040,1
44039,1
44036,1
44035,1
44034,1
44033,1
44032,1
44029,1
44028,1
44027,1
44026,1
44025,1
44022,1
44021,1
44020,1
44019,1
44018,1
44014,1
44013,1
44012,1
44011,1
44008,1
44007,1
44006,1
44005,1
44004,1
44001,1
44000,1
43999,1
43998,1
43997,1
43994,1
43993,1
43992,1
43991,1
43990,1
43987,1
43986,1
43985,1
43984,1
43983,1
43980,1
43979,1
43978,1
43977,1
43973,1
43972,1
43971,1
43970,1
43969,1
43966,1
43965,1
43964,1
43963,1
43962,1
43959,1
43958,1
43957,1
43956,1
43955,1
43952,1
43951,1
43950,1
43949,1
43948,1
43945,1
43944,1
43943,1
43942,1
43941,1
43938,1
43937,1
43936,1
43935,1
43934,1
43930,1
43929,1
43928,1
43927,1
43924,1
43923,1
43922,1
43921,1
43920,1
43917,1
43916,1
43915,1
43914,1
43913,1
43910,1
43909,1
43908,1
43907,1
43906,1
43903,1
43902,1
43901,1
43900,1
43899,1
43896,1
43895,1
43894,1
43893,1
43892,1
43889,1
43888,1
43887,1
43886,1
43885,1
43882,1
43881,1
43880,1
43879,1
43875,1
43874,1
43873,1
43872,1
43871,1
43868,1
43867,1
43866,1
43865,1
43864,1
43861,1
43860,1
43859,1
43858,1
43857,1
43854,1
43853,1
43852,1
43851,1
43847,1
43846,1
43845,1
43844,1
43843,1
43840,1
43839,1
43838,1
43837,1
43836,1
43833,1
43832,1
43830,1
43829,1
43826,1
43825,1
43823,1
43822,1
43819,1
43818,1
43817,1
43816,1
43815,1
43812,1
43811,1
43810,1
43809,1
43808,1
43805,1
43804,1
43803,1
43802,1
43801,1
43798,1
43796,1
43795,1
43794,1
43791,1
43790,1
43789,1
43788,1
43787,1
43784,1
43783,1
43782,1
43781,1
43777,1
43776,1
43775,1
43774,1
43773,1
43770,1
43769,1
43768,1
43767,1
43766,1
43763,1
43762,1
43761,1
43760,1
43759,1
43756,1
43755,1
43754,1
43753,1
43749,1
43748,1
43747,1
43746,1
43745,1
43742,1
43741,1
43740,1
43739,1
43738,1
43735,1
43734,1
43733,1
43732,1
43731,1
43728,1
43727,1
43726,1
43725,1
43724,1
43721,1
43720,1
43719,1
43718,1
43717,1
43714,1
43713,1
43712,1
43711,1
43707,1
43706,1
43705,1
43704,1
43703,1
43700,1
43699,1
43698,1
43697,1
43696,1
43693,1
43692,1
43691,1
43690,1
43689,1
43686,1
43685,1
43684,1
43683,1
43682,1
43679,1
43678,1
43677,1
43676,1
43675,1
43672,1
43671,1
43670,1
43669,1
43668,1
43665,1
43664,1
43663,1
43662,1
43661,1
43658,1
43657,1
43656,1
43655,1
43654,1
43651,1
43649,1
43648,1
43647,1
43644,1
43643,1
43642,1
43641,1
43640,1
43637,1
43636,1
43635,1
43634,1
43633,1
43630,1
43629,1
43628,1
43627,1
43626,1
43623,1
43622,1
43621,1
43620,1
43619,1
43616,1
43615,1
43614,1
43613,1
43609,1
43608,1
43607,1
43606,1
43605,1
43602,1
43601,1
43600,1
43599,1
43598,1
43595,1
43594,1
43593,1
43592,1
43591,1
43588,1
43587,1
43586,1
43585,1
43584,1
43581,1
43580,1
43579,1
43578,1
43577,1
43573,1
43572,1
43571,1
43570,1
43567,1
43566,1
43565,1
43564,1
43563,1
43560,1
43559,1
43558,1
43557,1
43556,1
43553,1
43552,1
43551,1
43550,1
43549,1
43546,1
43545,1
43544,1
43543,1
43542,1
43539,1
43538,1
43537,1
43536,1
43535,1
43532,1
43531,1
43530,1
43529,1
43528,1
43525,1
43524,1
43523,1
43522,1
43521,1
43518,1
43517,1
43516,1
43515,1
43511,1
43510,1
43509,1
43508,1
43507,1
43504,1
43503,1
43502,1
43501,1
43500,1
43497,1
43496,1
43495,1
43494,1
43493,1
43490,1
43489,1
43488,1
43487,1
43483,1
43482,1
43481,1
43480,1
43479,1
43476,1
43475,1
43474,1
43473,1
43472,1
43469,1
43468,1
43467,1
43465,1
43462,1
43461,1
43460,1
43458,1
43455,1
43454,1
43453,1
43452,1
43451,1
43448,1
43447,1
43446,1
43445,1
43444,1
43441,1
43440,1
43438,1
43437,1
43434,1
43433,1
43432,1
43431,1
43430,1
43427,1
43425,1
43424,1
43423,1
43420,1
43419,1
43418,1
43417,1
43413,1
43412,1
43411,1
43410,1
43409,1
43406,1
43405,1
43404,1
43403,1
43402,1
43399,1
43398,1
43397,1
43396,1
43395,1
43392,1
43391,1
43390,1
43389,1
43388,1
43385,1
43384,1
43383,1
43382,1
43378,1
43377,1
43376,1
43375,1
43374,1
43371,1
43370,1
43369,1
43368,1
43367,1
43364,1
43363,1
43362,1
43361,1
43360,1
43357,1
43356,1
43355,1
43354,1
43353,1
43350,1
43349,1
43348,1
43347,1
43343,1
43342,1
43341,1
43340,1
43339,1
43336,1
43335,1
43334,1
43333,1
43332,1
43329,1
43328,1
43327,1
43326,1
43325,1
43322,1
43321,1
43320,1
43319,1
43318,1
43315,1
43314,1
43313,1
43312,1
43311,1
43308,1
43307,1
43306,1
43305,1
43304,1
43301,1
43300,1
43299,1
43298,1
43297,1
43294,1
43293,1
43292,1
43291,1
43290,1
43287,1
43286,1
43284,1
43283,1
43280,1
43279,1
43278,1
43277,1
43276,1
43273,1
43272,1
43271,1
43270,1
43269,1
43266,1
43265,1
43264,1
43263,1
43262,1
43259,1
43258,1
43257,1
43256,1
43255,1
43252,1
43251,1
43250,1
43249,1
43245,1
43244,1
43243,1
43242,1
43241,1
43238,1
43237,1
43236,1
43235,1
43234,1
43231,1
43230,1
43229,1
43228,1
43227,1
43224,1
43223,1
43222,1
43221,1
43220,1
43217,1
43216,1
43215,1
43214,1
43213,1
43210,1
43209,1
43208,1
43207,1
43206,1
43203,1
43202,1
43201,1
43200,1
43199,1
43196,1
43195,1
43194,1
43193,1
43192,1
43188,1
43187,1
43186,1
43185,1
43182,1
43181,1
43180,1
43179,1
43178,1
43175,1
43174,1
43173,1
43172,1
43171,1
43168,1
43167,1
43166,1
43165,1
43164,1
43161,1
43160,1
43159,1
43158,1
43157,1
43154,1
43153,1
43152,1
43151,1
43147,1
43146,1
43145,1
43144,1
43143,1
43140,1
43139,1
43138,1
43137,1
43136,1
43133,1
43132,1
43131,1
43130,1
43129,1
43126,1
43125,1
43124,1
43123,1
43122,1
43119,1
43118,1
43117,1
43116,1
43112,1
43111,1
43110,1
43109,1
43108,1
43105,1
43104,1
43103,1
43102,1
43098,1
43097,1
43096,1
43095,1
43091,1
43090,1
43089,1
43088,1
43087,1
43084,1
43083,1
43082,1
43081,1
43080,1
43077,1
43076,1
43075,1
43074,1
43073,1
43070,1
43069,1
43068,1
43067,1
43066,1
43063,1
43061,1
43060,1
43059,1
43056,1
43055,1
43054,1
43053,1
43052,1
43049,1
43048,1
43047,1
43046,1
43045,1
43042,1
43041,1
43040,1
43039,1
43038,1
43035,1
43034,1
43033,1
43032,1
43031,1
43028,1
43027,1
43026,1
43025,1
43024,1
43021,1
43020,1
43019,1
43018,1
43014,1
43013,1
43012,1
43011,1
43010,1
43007,1
43006,1
43005,1
43004,1
43003,1
43000,1
42999,1
42998,1
42997,1
42996,1
42993,1
42992,1
42991,1
42990,1
42989,1
42986,1
42985,1
42984,1
42983,1
42979,1
42978,1
42977,1
42976,1
42975,1
42972,1
42971,1
42970,1
42969,1
42968,1
42965,1
42964,1
42963,1
42962,1
42961,1
42958,1
42957,1
42956,1
42955,1
42954,1
42951,1
42950,1
42949,1
42948,1
42947,1
42944,1
42943,1
42942,1
42941,1
42940,1
42937,1
42936,1
42935,1
42934,1
42933,1
42930,1
42929,1
42928,1
42927,1
42926,1
42923,1
42922,1
42921,1
42919,1
42916,1
42915,1
42914,1
42913,1
42912,1
42909,1
42908,1
42907,1
42906,1
42905,1
42902,1
42901,1
42900,1
42899,1
42898,1
42895,1
42894,1
42893,1
42892,1
42891,1
42888,1
42887,1
42886,1
42885,1
42881,1
42880,1
42879,1
42878,1
42877,1
42874,1
42873,1
42872,1
42871,1
42870,1
42867,1
42866,1
42865,1
42864,1
42863,1
42860,1
42859,1
42858,1
42857,1
42856,1
42853,1
42852,1
42851,1
42850,1
42849,1
42846,1
42845,1
42844,1
42843,1
42842,1
42838,1
42837,1
42836,1
42835,1
42832,1
42831,1
42830,1
42829,1
42828,1
42825,1
42824,1
42823,1
42822,1
42821,1
42818,1
42817,1
42816,1
42815,1
42814,1
42811,1
42810,1
42809,1
42808,1
42807,1
42804,1
42803,1
42802,1
42801,1
42800,1
42797,1
42796,1
42795,1
42794,1
42793,1
42790,1
42789,1
42788,1
42787,1
42783,1
42782,1
42781,1
42780,1
42779,1
42776,1
42775,1
42774,1
42773,1
42772,1
42769,1
42768,1
42767,1
42766,1
42765,1
42762,1
42761,1
42760,1
42759,1
42758,1
42755,1
42754,1
42753,1
42752,1
42748,1
42747,1
42746,1
42745,1
42744,1
42741,1
42740,1
42739,1
42738,1
42734,1
42733,1
42732,1
42731,1
42727,1
42726,1
42725,1
42724,1
42723,1
42720,1
42719,1
42718,1
42717,1
42716,1
42713,1
42712,1
42711,1
42710,1
42709,1
42706,1
42705,1
42704,1
42703,1
42702,1
42699,1
42697,1
42696,1
42695,1
42692,1
42691,1
42690,1
42689,1
42688,1
42684,1
42683,1
42682,1
42681,1
42678,1
42677,1
42676,1
42675,1
42674,1
42671,1
42670,1
42669,1
42668,1
42667,1
42664,1
42663,1
42662,1
42661,1
42660,1
42657,1
42656,1
42655,1
42654,1
42650,1
42649,1
42648,1
42647,1
42646,1
42643,1
42642,1
42641,1
42640,1
42639,1
42636,1
42635,1
42634,1
42633,1
42632,1
42629,1
42628,1
42627,1
42626,1
42625,1
42622,1
42621,1
42620,1
42619,1
42615,1
42614,1
42613,1
42612,1
42611,1
42608,1
42607,1
42606,1
42605,1
42604,1
42601,1
42600,1
42599,1
42598,1
42597,1
42594,1
42593,1
42592,1
42591,1
42590,1
42587,1
42586,1
42585,1
42584,1
42583,1
42580,1
42579,1
42578,1
42577,1
42576,1
42573,1
42572,1
42571,1
42570,1
42569,1
42566,1
42565,1
42564,1
42563,1
42562,1
42559,1
42558,1
42557,1
42556,1
42552,1
42551,1
42550,1
42549,1
42548,1
42545,1
42544,1
42543,1
42542,1
42541,1
42538,1
42537,1
42536,1
42535,1
42534,1
42531,1
42530,1
42529,1
42528,1
42527,1
42524,1
42523,1
42522,1
42521,1
42517,1
42516,1
42515,1
42514,1
42513,1
42510,1
42509,1
42508,1
42507,1
42506,1
42503,1
42502,1
42501,1
42500,1
42499,1
42496,1
42495,1
42494,1
42493,1
42492,1
42489,1
42488,1
42487,1
42486,1
42485,1
42482,1
42481,1
42480,1
42479,1
42478,1
42475,1
42474,1
42473,1
42472,1
42471,1
42468,1
42467,1
42466,1
42465,1
42464,1
42461,1
42460,1
42459,1
42458,1
42457,1
42453,1
42452,1
42451,1
42450,1
42447,1
42446,1
42445,1
42444,1
42443,1
42440,1
42439,1
42438,1
42437,1
42436,1
42433,1
42432,1
42431,1
42430,1
42429,1
42426,1
42425,1
42424,1
42423,1
42422,1
42419,1
42418,1
42417,1
42416,1
42412,1
42411,1
42410,1
42409,1
42408,1
42405,1
42404,1
42403,1
42402,1
42401,1
42398,1
42397,1
42396,1
42395,1
42394,1
42391,1
42390,1
42389,1
42388,1
42384,1
42383,1
42382,1
42381,1
42380,1
42377,1
42376,1
42375,1
42374,1
42373,1
42369,1
42368,1
42367,1
42366,1
42362,1
42361,1
42360,1
42359,1
42356,1
42355,1
42354,1
42353,1
42352,1
42349,1
42348,1
42347,1
42346,1
42345,1
42342,1
42341,1
42340,1
42339,1
42338,1
42335,1
42333,1
42332,1
42331,1
42328,1
42327,1
42326,1
42325,1
42324,1
42321,1
42320,1
42318,1
42317,1
42314,1
42313,1
42312,1
42311,1
42310,1
42307,1
42306,1
42305,1
42304,1
42303,1
42300,1
42299,1
42298,1
42297,1
42296,1
42293,1
42292,1
42291,1
42290,1
42286,1
42285,1
42284,1
42283,1
42282,1
42279,1
42278,1
42277,1
42276,1
42275,1
42272,1
42271,1
42270,1
42269,1
42268,1
42265,1
42264,1
42263,1
42262,1
42261,1
42258,1
42257,1
42256,1
42255,1
42251,1
42250,1
42249,1
42248,1
42247,1
42244,1
42243,1
42242,1
42241,1
42240,1
42237,1
42236,1
42235,1
42234,1
42233,1
42230,1
42229,1
42228,1
42227,1
42226,1
42223,1
42222,1
42221,1
42220,1
42219,1
42216,1
42215,1
42214,1
42213,1
42212,1
42209,1
42208,1
42207,1
42206,1
42205,1
42202,1
42201,1
42200,1
42199,1
42198,1
42195,1
42194,1
42193,1
42192,1
42191,1
42187,1
42186,1
42185,1
42184,1
42181,1
42180,1
42179,1
42178,1
42177,1
42174,1
42173,1
42172,1
42171,1
42170,1
42167,1
42166,1
42165,1
42164,1
42163,1
42160,1
42159,1
42158,1
42157,1
42156,1
42153,1
42152,1
42151,1
42150,1
42146,1
42145,1
42144,1
42143,1
42142,1
42139,1
42138,1
42137,1
42136,1
42135,1
42132,1
42131,1
42130,1
42129,1
42128,1
42125,1
42124,1
42123,1
42122,1
42121,1
42118,1
42117,1
42116,1
42115,1
42114,1
42111,1
42110,1
42109,1
42108,1
42107,1
42104,1
42103,1
42102,1
42101,1
42100,1
42097,1
42096,1
42095,1
42094,1
42093,1
42090,1
42089,1
42088,1
42087,1
42086,1
42083,1
42082,1
42081,1
42080,1
42079,1
42076,1
42075,1
42074,1
42073,1
42072,1
42069,1
42068,1
42067,1
42066,1
42065,1
42062,1
42061,1
42060,1
42059,1
42058,1
42055,1
42054,1
42053,1
42052,1
42048,1
42047,1
42046,1
42045,1
42044,1
42041,1
42040,1
42039,1
42038,1
42037,1
42034,1
42033,1
42032,1
42031,1
42030,1
42027,1
42026,1
42025,1
42024,1
42020,1
42019,1
42018,1
42017,1
42016,1
42013,1
42012,1
42011,1
42010,1
42009,1
42006,1
42004,1
42003,1
42002,1
41999,1
41997,1
41996,1
41995,1
41992,1
41991,1
41990,1
41989,1
41988,1
41985,1
41984,1
41983,1
41982,1
41981,1
41978,1
41977,1
41976,1
41975,1
41974,1
41971,1
41969,1
41968,1
41967,1
41964,1
41963,1
41962,1
41961,1
41960,1
41957,1
41956,1
41955,1
41953,1
41950,1
41949,1
41948,1
41947,1
41946,1
41943,1
41942,1
41941,1
41940,1
41939,1
41936,1
41935,1
41934,1
41933,1
41932,1
41929,1
41928,1
41927,1
41926,1
41922,1
41921,1
41920,1
41919,1
41918,1
41915,1
41914,1
41913,1
41912,1
41911,1
41908,1
41907,1
41906,1
41905,1
41904,1
41901,1
41900,1
41899,1
41898,1
41897,1
41894,1
41893,1
41892,1
41891,1
41890,1
41887,1
41886,1
41885,1
41884,1
41880,1
41879,1
41878,1
41877,1
41876,1
41873,1
41872,1
41871,1
41870,1
41869,1
41866,1
41865,1
41864,1
41863,1
41862,1
41859,1
41858,1
41857,1
41856,1
41855,1
41852,1
41851,1
41850,1
41849,1
41848,1
41845,1
41844,1
41843,1
41842,1
41841,1
41838,1
41837,1
41836,1
41835,1
41834,1
41831,1
41830,1
41829,1
41828,1
41827,1
41823,1
41822,1
41821,1
41820,1
41817,1
41816,1
41815,1
41814,1
41813,1
41810,1
41809,1
41808,1
41807,1
41806,1
41803,1
41802,1
41801,1
41800,1
41799,1
41796,1
41795,1
41794,1
41793,1
41792,1
41789,1
41788,1
41787,1
41786,1
41782,1
41781,1
41780,1
41779,1
41778,1
41775,1
41774,1
41773,1
41772,1
41771,1
41768,1
41767,1
41766,1
41765,1
41764,1
41761,1
41760,1
41759,1
41758,1
41757,1
41754,1
41753,1
41752,1
41751,1
41750,1
41746,1
41745,1
41744,1
41743,1
41740,1
41739,1
41738,1
41737,1
41736,1
41733,1
41732,1
41731,1
41730,1
41729,1
41726,1
41725,1
41724,1
41723,1
41722,1
41719,1
41718,1
41717,1
41716,1
41715,1
41712,1
41711,1
41710,1
41709,1
41708,1
41705,1
41704,1
41703,1
41702,1
41701,1
41698,1
41697,1
41696,1
41695,1
41694,1
41691,1
41690,1
41689,1
41688,1
41684,1
41683,1
41682,1
41681,1
41680,1
41677,1
41676,1
41675,1
41674,1
41673,1
41670,1
41669,1
41668,1
41667,1
41666,1
41663,1
41662,1
41661,1
41660,1
41656,1
41655,1
41654,1
41653,1
41652,1
41649,1
41648,1
41647,1
41646,1
41645,1
41642,1
41641,1
41639,1
41638,1
41635,1
41634,1
41632,1
41631,1
41628,1
41627,1
41626,1
41625,1
41624,1
41621,1
41620,1
41619,1
41618,1
41617,1
41614,1
41613,1
41612,1
41611,1
41610,1
41607,1
41605,1
41604,1
41603,1
41600,1
41599,1
41598,1
41597,1
41596,1
41593,1
41592,1
41591,1
41590,1
41586,1
41585,1
41584,1
41583,1
41582,1
41579,1
41578,1
41577,1
41576,1
41575,1
41572,1
41571,1
41570,1
41569,1
41568,1
41565,1
41564,1
41563,1
41562,1
41558,1
41557,1
41556,1
41555,1
41554,1
41551,1
41550,1
41549,1
41548,1
41547,1
41544,1
41543,1
41542,1
41541,1
41540,1
41537,1
41536,1
41535,1
41534,1
41533,1
41530,1
41529,1
41528,1
41527,1
41526,1
41523,1
41522,1
41521,1
41520,1
41516,1
41515,1
41514,1
41513,1
41512,1
41509,1
41508,1
41507,1
41506,1
41505,1
41502,1
41501,1
41500,1
41499,1
41498,1
41495,1
41494,1
41493,1
41492,1
41491,1
41488,1
41487,1
41486,1
41485,1
41484,1
41481,1
41480,1
41479,1
41478,1
41477,1
41474,1
41473,1
41472,1
41471,1
41470,1
41467,1
41466,1
41465,1
41464,1
41463,1
41460,1
41458,1
41457,1
41456,1
41453,1
41452,1
41451,1
41450,1
41449,1
41446,1
41445,1
41444,1
41443,1
41442,1
41439,1
41438,1
41437,1
41436,1
41435,1
41432,1
41431,1
41430,1
41429,1
41428,1
41425,1
41424,1
41423,1
41422,1
41418,1
41417,1
41416,1
41415,1
41414,1
41411,1
41410,1
41409,1
41408,1
41407,1
41404,1
41403,1
41402,1
41401,1
41400,1
41397,1
41396,1
41395,1
41394,1
41393,1
41390,1
41389,1
41388,1
41387,1
41386,1
41383,1
41382,1
41381,1
41380,1
41379,1
41376,1
41375,1
41374,1
41373,1
41372,1
41369,1
41368,1
41367,1
41366,1
41365,1
41361,1
41360,1
41359,1
41358,1
41355,1
41354,1
41353,1
41352,1
41351,1
41348,1
41347,1
41346,1
41345,1
41344,1
41341,1
41340,1
41339,1
41338,1
41337,1
41334,1
41333,1
41332,1
41331,1
41330,1
41327,1
41326,1
41325,1
41324,1
41320,1
41319,1
41318,1
41317,1
41316,1
41313,1
41312,1
41311,1
41310,1
41309,1
41306,1
41305,1
41304,1
41303,1
41302,1
41299,1
41298,1
41297,1
41296,1
41292,1
41291,1
41290,1
41289,1
41288,1
41285,1
41284,1
41283,1
41282,1
41281,1
41278,1
41277,1
41276,1
41274,1
41271,1
41270,1
41269,1
41267,1
41264,1
41263,1
41262,1
41261,1
41260,1
41257,1
41256,1
41255,1
41254,1
41253,1
41250,1
41249,1
41248,1
41247,1
41246,1
41243,1
41242,1
41241,1
41240,1
41239,1
41236,1
41234,1
41233,1
41232,1
41229,1
41228,1
41227,1
41226,1
41222,1
41221,1
41220,1
41219,1
41218,1
41215,1
41214,1
41213,1
41211,1
41208,1
41207,1
41206,1
41205,1
41204,1
41201,1
41200,1
41199,1
41198,1
41197,1
41194,1
41193,1
41192,1
41191,1
41187,1
41186,1
41185,1
41184,1
41183,1
41180,1
41179,1
41178,1
41177,1
41176,1
41173,1
41172,1
41171,1
41170,1
41169,1
41166,1
41165,1
41164,1
41163,1
41162,1
41159,1
41158,1
41157,1
41156,1
41152,1
41151,1
41150,1
41149,1
41148,1
41145,1
41144,1
41143,1
41142,1
41141,1
41138,1
41137,1
41136,1
41135,1
41134,1
41131,1
41130,1
41129,1
41128,1
41127,1
41124,1
41123,1
41122,1
41121,1
41120,1
41117,1
41116,1
41115,1
41114,1
41113,1
41110,1
41109,1
41108,1
41107,1
41106,1
41103,1
41102,1
41101,1
41100,1
41099,1
41096,1
41095,1
41093,1
41092,1
41089,1
41088,1
41087,1
41086,1
41085,1
41082,1
41081,1
41080,1
41079,1
41078,1
41075,1
41074,1
41073,1
41072,1
41071,1
41068,1
41067,1
41066,1
41065,1
41064,1
41061,1
41060,1
41059,1
41058,1
41054,1
41053,1
41052,1
41051,1
41050,1
41047,1
41046,1
41045,1
41044,1
41043,1
41040,1
41039,1
41038,1
41037,1
41036,1
41033,1
41032,1
41031,1
41030,1
41029,1
41026,1
41025,1
41024,1
41023,1
41022,1
41019,1
41018,1
41017,1
41016,1
41015,1
41012,1
41011,1
41010,1
41009,1
41008,1
41005,1
41004,1
41003,1
41002,1
41001,1
40998,1
40997,1
40996,1
40995,1
40994,1
40991,1
40990,1
40989,1
40988,1
40987,1
40984,1
40983,1
40982,1
40981,1
40980,1
40977,1
40976,1
40975,1
40974,1
40973,1
40970,1
40969,1
40968,1
40967,1
40966,1
40963,1
40962,1
40961,1
40960,1
40956,1
40955,1
40954,1
40953,1
40952,1
40949,1
40948,1
40947,1
40946,1
40945,1
40942,1
40941,1
40940,1
40939,1
40938,1
40935,1
40934,1
40933,1
40932,1
40931,1
40928,1
40927,1
40926,1
40925,1
40921,1
40920,1
40919,1
40918,1
40917,1
40914,1
40913,1
40912,1
40911,1
40907,1
40906,1
40905,1
40904,1
40900,1
40899,1
40898,1
40897,1
40896,1
40893,1
40892,1
40891,1
40890,1
40889,1
40886,1
40885,1
40884,1
40883,1
40882,1
40879,1
40878,1
40877,1
40876,1
40875,1
40872,1
40870,1
40869,1
40868,1
40865,1
40864,1
40863,1
40862,1
40861,1
40857,1
40856,1
40855,1
40854,1
40851,1
40850,1
40849,1
40848,1
40847,1
40844,1
40843,1
40842,1
40841,1
40840,1
40837,1
40836,1
40835,1
40834,1
40833,1
40830,1
40829,1
40828,1
40827,1
40823,1
40822,1
40821,1
40820,1
40819,1
40816,1
40815,1
40814,1
40813,1
40812,1
40809,1
40808,1
40807,1
40806,1
40805,1
40802,1
40801,1
40800,1
40799,1
40798,1
40795,1
40794,1
40793,1
40792,1
40788,1
40787,1
40786,1
40785,1
40784,1
40781,1
40780,1
40779,1
40778,1
40777,1
40774,1
40773,1
40772,1
40771,1
40770,1
40767,1
40766,1
40765,1
40764,1
40763,1
40760,1
40759,1
40758,1
40757,1
40756,1
40753,1
40752,1
40751,1
40750,1
40749,1
40746,1
40745,1
40744,1
40743,1
40742,1
40739,1
40738,1
40737,1
40736,1
40735,1
40732,1
40731,1
40730,1
40729,1
40725,1
40724,1
40723,1
40722,1
40721,1
40718,1
40717,1
40716,1
40715,1
40714,1
40711,1
40710,1
40709,1
40708,1
40707,1
40704,1
40703,1
40702,1
40701,1
40700,1
40697,1
40696,1
40695,1
40694,1
40690,1
40689,1
40688,1
40687,1
40686,1
40683,1
40682,1
40681,1
40680,1
40679,1
40676,1
40675,1
40674,1
40673,1
40672,1
40669,1
40668,1
40667,1
40666,1
40665,1
40662,1
40661,1
40660,1
40659,1
40658,1
40654,1
40653,1
40652,1
40651,1
40648,1
40647,1
40646,1
40645,1
40644,1
40641,1
40640,1
40639,1
40638,1
40637,1
40634,1
40633,1
40632,1
40631,1
40630,1
40627,1
40626,1
40625,1
40624,1
40623,1
40620,1
40619,1
40618,1
40617,1
40616,1
40613,1
40612,1
40611,1
40610,1
40609,1
40606,1
40605,1
40604,1
40603,1
40602,1
40599,1
40598,1
40597,1
40596,1
40592,1
40591,1
40590,1
40589,1
40588,1
40585,1
40584,1
40583,1
40582,1
40581,1
40578,1
40577,1
40576,1
40575,1
40574,1
40571,1
40570,1
40569,1
40568,1
40567,1
40564,1
40563,1
40562,1
40561,1
40557,1
40556,1
40555,1
40554,1
40553,1
40550,1
40549,1
40548,1
40547,1
40546,1
40543,1
40542,1
40541,1
40540,1
40539,1
40535,1
40534,1
40533,1
40532,1
40529,1
40528,1
40527,1
40526,1
40525,1
40522,1
40521,1
40520,1
40519,1
40518,1
40515,1
40514,1
40513,1
40512,1
40511,1
40508,1
40506,1
40505,1
40504,1
40501,1
40500,1
40499,1
40498,1
40497,1
40494,1
40492,1
40491,1
40490,1
40487,1
40486,1
40485,1
40484,1
40483,1
40480,1
40479,1
40478,1
40477,1
40476,1
40473,1
40472,1
40471,1
40470,1
40469,1
40466,1
40465,1
40464,1
40463,1
40459,1
40458,1
40457,1
40456,1
40455,1
40452,1
40451,1
40450,1
40449,1
40448,1
40445,1
40444,1
40443,1
40442,1
40441,1
40438,1
40437,1
40436,1
40435,1
40434,1
40431,1
40430,1
40429,1
40428,1
40424,1
40423,1
40422,1
40421,1
40420,1
40417,1
40416,1
40415,1
40414,1
40413,1
40410,1
40409,1
40408,1
40407,1
40406,1
40403,1
40402,1
40401,1
40400,1
40399,1
40396,1
40395,1
40394,1
40393,1
40392,1
40389,1
40388,1
40387,1
40386,1
40385,1
40382,1
40381,1
40380,1
40379,1
40378,1
40375,1
40374,1
40373,1
40372,1
40371,1
40368,1
40367,1
40366,1
40365,1
40361,1
40360,1
40359,1
40358,1
40357,1
40354,1
40353,1
40352,1
40351,1
40350,1
40347,1
40346,1
40345,1
40344,1
40343,1
40340,1
40339,1
40338,1
40337,1
40336,1
40333,1
40332,1
40331,1
40330,1
40326,1
40325,1
40324,1
40323,1
40322,1
40319,1
40318,1
40317,1
40316,1
40315,1
40312,1
40311,1
40310,1
40309,1
40308,1
40305,1
40304,1
40303,1
40302,1
40301,1
40298,1
40297,1
40296,1
40295,1
40294,1
40291,1
40290,1
40289,1
40288,1
40287,1
40284,1
40283,1
40282,1
40281,1
40280,1
40277,1
40276,1
40275,1
40274,1
40273,1
40270,1
40269,1
40268,1
40267,1
40266,1
40263,1
40262,1
40261,1
40260,1
40259,1
40256,1
40255,1
40254,1
40253,1
40252,1
40249,1
40248,1
40247,1
40246,1
40245,1
40242,1
40241,1
40240,1
40239,1
40238,1
40235,1
40234,1
40233,1
40232,1
40231,1
40228,1
40227,1
40226,1
40225,1
40221,1
40220,1
40219,1
40218,1
40217,1
40214,1
40213,1
40212,1
40211,1
40210,1
40207,1
40206,1
40205,1
40204,1
40203,1
40200,1
40199,1
40198,1
40197,1
40193,1
40192,1
40191,1
40190,1
40189,1
40186,1
40185,1
40184,1
40183,1
40182,1
40178,1
40177,1
40176,1
40175,1
40171,1
40170,1
40169,1
40168,1
40165,1
40164,1
40163,1
40162,1
40161,1
40158,1
40157,1
40156,1
40155,1
40154,1
40151,1
40150,1
40149,1
40148,1
40147,1
40144,1
40142,1
40141,1
40140,1
40137,1
40136,1
40135,1
40134,1
40133,1
40130,1
40129,1
40127,1
40126,1
40123,1
40122,1
40121,1
40120,1
40119,1
40116,1
40115,1
40114,1
40113,1
40112,1
40109,1
40108,1
40107,1
40106,1
40105,1
40102,1
40101,1
40100,1
40099,1
40095,1
40094,1
40093,1
40092,1
40091,1
40088,1
40087,1
40086,1
40085,1
40084,1
40081,1
40080,1
40079,1
40078,1
40077,1
40074,1
40073,1
40072,1
40071,1
40070,1
40067,1
40066,1
40065,1
40064,1
40060,1
40059,1
40058,1
40057,1
40056,1
40053,1
40052,1
40051,1
40050,1
40049,1
40046,1
40045,1
40044,1
40043,1
40042,1
40039,1
40038,1
40037,1
40036,1
40035,1
40032,1
40031,1
40030,1
40029,1
40028,1
40025,1
40024,1
40023,1
40022,1
40021,1
40018,1
40017,1
40016,1
40015,1
40014,1
40011,1
40010,1
40009,1
40008,1
40007,1
40004,1
40003,1
40002,1
40001,1
40000,1
39996,1
39995,1
39994,1
39993,1
39990,1
39989,1
39988,1
39987,1
39986,1
39983,1
39982,1
39981,1
39980,1
39979,1
39976,1
39975,1
39974,1
39973,1
39972,1
39969,1
39968,1
39967,1
39966,1
39965,1
39962,1
39961,1
39960,1
39959,1
39955,1
39954,1
39953,1
39952,1
39951,1
39948,1
39947,1
39946,1
39945,1
39944,1
39941,1
39940,1
39939,1
39938,1
39937,1
39934,1
39933,1
39932,1
39931,1
39930,1
39927,1
39926,1
39925,1
39924,1
39923,1
39920,1
39919,1
39918,1
39917,1
39916,1
39912,1
39911,1
39910,1
39909,1
39906,1
39905,1
39904,1
39903,1
39902,1
39899,1
39898,1
39897,1
39896,1
39895,1
39892,1
39891,1
39890,1
39889,1
39888,1
39885,1
39884,1
39883,1
39882,1
39881,1
39878,1
39877,1
39876,1
39875,1
39874,1
39871,1
39870,1
39869,1
39868,1
39867,1
39864,1
39863,1
39862,1
39861,1
39857,1
39856,1
39855,1
39854,1
39853,1
39850,1
39849,1
39848,1
39847,1
39846,1
39843,1
39842,1
39841,1
39840,1
39839,1
39836,1
39835,1
39834,1
39833,1
39829,1
39828,1
39827,1
39826,1
39825,1
39822,1
39821,1
39820,1
39819,1
39818,1
39815,1
39813,1
39812,1
39811,1
39808,1
39806,1
39805,1
39804,1
39801,1
39800,1
39799,1
39798,1
39797,1
39794,1
39793,1
39792,1
39791,1
39790,1
39787,1
39786,1
39785,1
39784,1
39783,1
39780,1
39778,1
39777,1
39776,1
39773,1
39772,1
39771,1
39770,1
39769,1
39766,1
39765,1
39764,1
39762,1
39759,1
39758,1
39757,1
39756,1
39755,1
39752,1
39751,1
39750,1
39749,1
39748,1
39745,1
39744,1
39743,1
39742,1
39741,1
39738,1
39737,1
39736,1
39735,1
39731,1
39730,1
39729,1
39728,1
39727,1
39724,1
39723,1
39722,1
39721,1
39720,1
39717,1
39716,1
39715,1
39714,1
39713,1
39710,1
39709,1
39708,1
39707,1
39706,1
39703,1
39702,1
39701,1
39700,1
39699,1
39696,1
39695,1
39694,1
39693,1
39689,1
39688,1
39687,1
39686,1
39685,1
39682,1
39681,1
39680,1
39679,1
39678,1
39675,1
39674,1
39673,1
39672,1
39671,1
39668,1
39667,1
39666,1
39665,1
39664,1
39661,1
39660,1
39659,1
39658,1
39657,1
39654,1
39653,1
39652,1
39651,1
39650,1
39647,1
39646,1
39645,1
39644,1
39643,1
39640,1
39639,1
39638,1
39637,1
39636,1
39632,1
39631,1
39630,1
39629,1
39626,1
39625,1
39624,1
39623,1
39622,1
39619,1
39618,1
39617,1
39616,1
39615,1
39612,1
39611,1
39610,1
39609,1
39608,1
39605,1
39604,1
39603,1
39602,1
39601,1
39598,1
39597,1
39596,1
39595,1
39591,1
39590,1
39589,1
39588,1
39587,1
39584,1
39583,1
39582,1
39581,1
39580,1
39577,1
39576,1
39575,1
39574,1
39573,1
39570,1
39569,1
39568,1
39567,1
39566,1
39563,1
39562,1
39561,1
39560,1
39559,1
39556,1
39555,1
39554,1
39553,1
39552,1
39549,1
39548,1
39547,1
39546,1
39545,1
39542,1
39541,1
39540,1
39539,1
39538,1
39535,1
39534,1
39533,1
39532,1
39531,1
39527,1
39526,1
39525,1
39524,1
39521,1
39520,1
39519,1
39518,1
39517,1
39514,1
39513,1
39512,1
39511,1
39510,1
39507,1
39506,1
39505,1
39504,1
39503,1
39500,1
39499,1
39498,1
39497,1
39493,1
39492,1
39491,1
39490,1
39489,1
39486,1
39485,1
39484,1
39483,1
39482,1
39479,1
39478,1
39477,1
39476,1
39475,1
39472,1
39471,1
39470,1
39469,1
39465,1
39464,1
39463,1
39462,1
39461,1
39458,1
39457,1
39456,1
39455,1
39454,1
39451,1
39450,1
39449,1
